part,label,ref,x_mm_from_left,y_mm_from_top,hole_mm
pot,SEND 1,RV3,15.00,23.00,7.5
pot,PAN 1,RV2,15.00,38.00,7.5
pot,LEVEL 1,RV1,15.00,54.00,7.5
toggle,MUTE 1,SW1,15.00,69.00,5.0
jack,IN 1,J1,15.00,86.00,6.5
pot,SEND 2,RV6,28.00,23.00,7.5
pot,PAN 2,RV5,28.00,38.00,7.5
pot,LEVEL 2,RV4,28.00,54.00,7.5
toggle,MUTE 2,SW2,28.00,69.00,5.0
jack,IN 2,J2,28.00,86.00,6.5
pot,SEND 3,RV9,41.00,23.00,7.5
pot,PAN 3,RV8,41.00,38.00,7.5
pot,LEVEL 3,RV7,41.00,54.00,7.5
toggle,MUTE 3,SW3,41.00,69.00,5.0
jack,IN 3,J3,41.00,86.00,6.5
pot,SEND 4,RV12,54.00,23.00,7.5
pot,PAN 4,RV11,54.00,38.00,7.5
pot,LEVEL 4,RV10,54.00,54.00,7.5
toggle,MUTE 4,SW4,54.00,69.00,5.0
jack,IN 4,J4,54.00,86.00,6.5
pot,SEND 5,RV15,67.00,23.00,7.5
pot,PAN 5,RV14,67.00,38.00,7.5
pot,LEVEL 5,RV13,67.00,54.00,7.5
toggle,MUTE 5,SW5,67.00,69.00,5.0
jack,IN 5,J5,67.00,86.00,6.5
pot,SEND 6,RV18,80.00,23.00,7.5
pot,PAN 6,RV17,80.00,38.00,7.5
pot,LEVEL 6,RV16,80.00,54.00,7.5
toggle,MUTE 6,SW6,80.00,69.00,5.0
jack,IN 6,J6,80.00,86.00,6.5
pot,SEND 7,RV20,93.00,23.00,7.5
pot,LEVEL 7,RV19 (dual),93.00,54.00,7.5
toggle,MUTE 7,SW7 (DPDT),93.00,69.00,5.0
jack,IN 7 L,J7,93.00,86.00,6.5
jack,IN 7 R,J8,93.00,101.00,6.5
pot,SEND 8,RV22,106.00,23.00,7.5
pot,LEVEL 8,RV21 (dual),106.00,54.00,7.5
toggle,MUTE 8,SW8 (DPDT),106.00,69.00,5.0
jack,IN 8 L,J9,106.00,86.00,6.5
jack,IN 8 R,J10,106.00,101.00,6.5
jack,SEND,J15,120.50,23.00,6.5
jack,FX IN,J14,132.50,23.00,6.5
jack,RETURN L,J11,120.50,38.00,6.5
jack,RETURN R,J12,132.50,38.00,6.5
pot,RETURN,RV23 (dual),126.50,54.00,7.5
pot,DRUMS,RV24,120.50,69.00,7.5
jack,DRUMS IN,J13,132.50,69.00,6.5
pot,MASTER,RV25 (dual),126.50,86.00,7.5
jack,OUT L,J16,120.50,101.00,6.5
jack,OUT R,J17,132.50,101.00,6.5
mount,mounting,,7.50,3.00,3.2
mount,mounting,,7.50,125.50,3.2
mount,mounting,,134.50,3.00,3.2
mount,mounting,,134.50,125.50,3.2
